Average Block Time,Difficulty
0.0006541,1
0.0022518,2
0.0261253,3
0.3322,4
