Average Block Time,Difficulty
0.0082595,1
0.0077312,2
0.0180683,3
0.176272,4
