Average Block Time,Difficulty
0.0031794,1
0.0033692,2
0.0111659,3
0.148664,4
