Average Block Time,Difficulty
0.0073552,1
0.0070851,2
0.019122,3
0.154094,4
