Average Block Time,Difficulty
0.0019524,1
0.0044183,2
0.0503023,3
0.631835,4
10.1224,5
