Individual Block Times,Index
0.0343605,1
0.0687649,2
0.0220484,3
0.0253505,4
0.0120206,5
0.107631,6
0.03787,7
0.162135,8
0.0088673,9
0.0380642,10
0.0775115,11
0.0459938,12
0.0171369,13
0.0046012,14
Overall Time
0.695263
