Individual Block Times,Index
0.0335115,1
0.0646635,2
0.0213392,3
0.0232084,4
0.0105437,5
0.104348,6
0.0341967,7
0.161613,8
0.0087933,9
0.0368521,10
0.0822701,11
0.0448966,12
0.0177374,13
0.0046424,14
Overall Time
0.663079
