Average Block Time,Difficulty
0.0010106,1
0.0030922,2
0.0358933,3
0.449075,4
