Average Block Time,Difficulty
0.0007101,1
0.0029238,2
0.0345174,3
0.444549,4
