Average Block Time,Difficulty
0.0007789,1
0.0018492,2
0.0253987,3
