Individual Block Times,Index
0.0349816,1
0.0900976,2
0.0214042,3
0.0243757,4
0.0113997,5
0.105729,6
0.0343156,7
0.158123,8
0.008528,9
Overall Time
0.506293
