Average Block Time,Difficulty
0.0008555,1
0.0025892,2
0.0338923,3
0.44208,4
