Individual Block Times,Difficulty
0.000303,1
0.004293,2
0.049663,3
0.632719,4
