Average Block Time,Difficulty
0.0012973,1
0.0029209,2
0.0350151,3
0.45095,4
