Average Block Time,Difficulty
0.0013416,1
0.0026541,2
0.0347223,3
0.447324,4
