Average Block Time,Difficulty
0.0010193,1
0.0022449,2
0.0256409,3
0.331707,4
