Average Block Time,Difficulty
0.0011127,1
0.0038223,2
0.0357552,3
0.425303,4
