Average Block Time,Difficulty
0.0013686,1
0.0037441,2
0.0370959,3
0.429311,4
