Average Block Time,Difficulty
0.259078,1
2.37753,2
30.5151,3
1000,4
2000,5
