Average Block Time,Difficulty
0.0023317,1
0.0045502,2
0.0403599,3
0.480907,4
7.40423,5
