Average Block Time,Difficulty
0.0018076,1
0.0045749,2
0.0432565,3
