Average Block Time,Difficulty
0.001455,1
0.0034815,2
0.0364157,3
0.435812,4
