Average Block Time,Difficulty
0.0007472,1
0.0020588,2
0.0257966,3
0.331629,4
