Average Block Time,Difficulty
0.0018534,1
0.0049257,2
0.0388337,3
0.434365,4
