Average Block Time,Difficulty
0.0019349,1
0.0047487,2
0.0373499,3
0.452693,4
