Average Block Time,Difficulty
0.222963,1
0.444432,2
4.66663,3
57.9695,4
933.004,5
