Average Block Time,Difficulty
0.0023503,1
0.0055324,2
0.0541311,3
0.629163,4
