Average Block Time,Difficulty
0.0017892,1
0.0051732,2
0.0464101,3
0.559732,4
