Average Block Time,Difficulty
0.0013408,1
0.003082,2
0.0344904,3
0.449103,4
