Average Block Time,Difficulty
0.743006,1
0.751788,2
1.80038,3
15.6473,4
207.502,5
