Average Block Time,Difficulty
0.753851,1
0.871203,2
1.83277,3
