Average Block Time,Difficulty
0.0015609,1
0.0035736,2
0.0363776,3
0.445495,4
