Average Block Time,Difficulty
0.0011899,1
0.0035571,2
0.0366695,3
0.426999,4
