Average Block Time,Difficulty
0.0018002,1
0.003538,2
0.0384108,3
