Average Block Time,Difficulty
0.0006866,1
0.002163,2
0.0255138,3
0.331878,4
