Pixels,Quality Factor,Execution Time
10000,100,0.0501
640000,100,0.1815
2560000,100,0.34975
9000000,100,0.67925
64000000,100,3.1194
