Pixels,Quality Factor,Execution Time
10000,100,0.0039
640000,100,0.10755
2560000,100,0.28455
9000000,100,0.7453
64000000,100,3.972
